request_id,amount_safe_to_pay,affordability_status,recommended_payment_method,payment_plan,earliest_date_for_full_payment,spending_changes_needed,decision_explanation
request_26,15656000.0,affordable_now,full_payment,2025-08-03:15656000,2025-08-03,none,Pay IDR 15656000 today. This leaves at least IDR 71693581.52 available during the 90-day forecast.
request_27,6670.0,affordable_now,full_payment,2026-07-05:6670,2026-07-05,none,Pay ZAR 6670 today. This leaves at least ZAR 85250.72 available during the 90-day forecast.
request_28,289.23,not_affordable,not_recommended,none,2024-08-16,none,"Do not proceed by 2024-08-15. Full payment first becomes safe on 2024-08-16, after the requested completion date."
request_29,1855.42,not_affordable,not_recommended,none,,none,Do not proceed with the ZAR 51524 request. The full amount does not become safe within the 90-day forecast while protecting the ZAR 28300 minimum balance.
request_30,775.2,affordable_with_plan,installments,2026-04-06:268.74|2026-05-06:268.74|2026-06-05:268.74,2026-04-06,none,use 3 installments starting 2026-04-06. Total payable is USD 806.22. This leaves at least USD 3309.30 available during the 90-day forecast.
request_31,2374189.54,not_affordable,not_recommended,none,2024-11-16,none,"Do not proceed by 2024-11-15. Full payment first becomes safe on 2024-11-16, after the requested completion date."
request_32,0.0,not_affordable,not_recommended,none,,none,Do not proceed with the ZAR 40018 request. The full amount does not become safe within the 90-day forecast while protecting the ZAR 35700 minimum balance.
request_33,30731.19,affordable_with_plan,wait,2026-02-16:118000,2026-03-16,reduce_to:event_2968:2240,"Wait until 2026-02-16, then pay INR 118000 in full. Paying earlier would put the INR 102100 minimum balance at risk."
request_34,129400.0,affordable_now,full_payment,2024-12-04:129400,2024-12-04,none,Pay INR 129400 today. This leaves at least INR 410708.96 available during the 90-day forecast.
request_35,26415.33,not_affordable,not_recommended,none,2026-01-16,none,"Do not proceed by 2026-01-15. Full payment first becomes safe on 2026-01-16, after the requested completion date."
request_36,442.02,not_affordable,not_recommended,none,2026-09-16,none,"Do not proceed by 2026-09-15. Full payment first becomes safe on 2026-09-16, after the requested completion date."
request_37,3826382.63,not_affordable,not_recommended,none,,none,Do not proceed with the IDR 14649000 request. The full amount does not become safe within the 90-day forecast while protecting the IDR 17056200 minimum balance.
request_38,160.56,not_affordable,not_recommended,none,2025-10-16,none,"Do not proceed by 2025-10-15. Full payment first becomes safe on 2025-10-16, after the requested completion date."
request_39,43395.18,not_affordable,not_recommended,none,2026-06-16,none,"Do not proceed by 2026-06-15. Full payment first becomes safe on 2026-06-16, after the requested completion date."
request_40,0.0,not_affordable,not_recommended,none,,none,Do not proceed with the EUR 1290.30 request. The full amount does not become safe within the 90-day forecast while protecting the EUR 1500 minimum balance.
request_41,7644359.43,not_affordable,not_recommended,none,2026-01-16,none,"Do not proceed by 2026-01-15. Full payment first becomes safe on 2026-01-16, after the requested completion date."
request_42,52100.0,affordable_now,full_payment,2026-01-05:52100,2026-01-05,none,Pay INR 52100 today. This leaves at least INR 147969.73 available during the 90-day forecast.
request_43,8273626.88,not_affordable,not_recommended,none,2024-11-16,none,"Do not proceed by 2024-11-15. Full payment first becomes safe on 2024-11-16, after the requested completion date."
request_44,0.0,not_affordable,not_recommended,none,,none,Do not proceed with the INR 95800 request. The full amount does not become safe within the 90-day forecast while protecting the INR 82900 minimum balance.
request_45,3361778.45,not_affordable,not_recommended,none,2026-09-16,none,"Do not proceed by 2026-09-15. Full payment first becomes safe on 2026-09-16, after the requested completion date."
request_46,35318.22,affordable_with_plan,partial_payment,2024-12-03:35318.22|2024-12-16:14131.78,2024-12-16,none,pay INR 35318.22 today and the remaining INR 14131.78 on 2024-12-16. This completes the full request while maintaining the required minimum balance.
request_47,38114000.0,affordable_now,full_payment,2025-05-05:38114000,2025-05-05,none,Pay IDR 38114000 today. This leaves at least IDR 73463958.36 available during the 90-day forecast.
request_48,45700.0,affordable_now,full_payment,2026-07-25:45700,2026-07-25,none,Pay INR 45700 today. This leaves at least INR 76883.19 available during the 90-day forecast.
request_49,12655596.66,affordable_with_plan,installments,2024-03-18:11902106.67|2024-04-18:11902106.67|2024-05-19:11902106.67,2024-05-16,reduce_to:event_4636:696350,"Reduce the recurring dining expense to IDR 696350, then use 3 installments starting 2024-03-18. Total payable is IDR 35706320.01. This leaves at least IDR 22841134.70 available during the 90-day forecast."
request_50,43900.0,affordable_now,full_payment,2025-08-06:43900,2025-08-06,none,Pay INR 43900 today. This leaves at least INR 154783.08 available during the 90-day forecast.
request_51,2191000.0,affordable_now,full_payment,2026-01-03:2191000,2026-01-03,none,Pay IDR 2191000 today. This leaves at least IDR 29545641.77 available during the 90-day forecast.
request_52,19241.76,affordable_later,wait,2024-06-16:28870,2024-06-16,none,"Wait until 2024-06-16, then pay INR 28870 in full. Paying earlier would put the INR 41500 minimum balance at risk."
request_53,464.04,affordable_with_plan,installments,2025-11-21:589.06|2025-12-19:589.06|2026-01-16:589.06,2026-01-16,stop:event_4925,"Stop the recurring delivery membership expense, then use 3 installments starting 2025-11-21. Total payable is USD 1767.18. This leaves at least USD 2162 available during the 90-day forecast."
request_54,2083.52,not_affordable,not_recommended,none,,none,Do not proceed with the ZAR 121528 request. The full amount does not become safe within the 90-day forecast while protecting the ZAR 37000 minimum balance.
request_55,119451.4,affordable_with_plan,installments,2026-06-11:75781.33|2026-07-12:75781.33|2026-08-12:75781.33,2026-07-16,reduce_to:event_5167:2750,"Reduce the recurring dining expense to INR 2750, then use 3 installments starting 2026-06-11. Total payable is INR 227343.99. This leaves at least INR 130449.68 available during the 90-day forecast."
request_56,538.67,affordable_with_plan,partial_payment,2025-02-03:538.67|2025-02-16:342.89,2025-02-16,none,pay USD 538.67 today and the remaining USD 342.89 on 2025-02-16. This completes the full request while maintaining the required minimum balance.
request_57,12819.59,not_affordable,not_recommended,none,2026-06-16,none,"Do not proceed by 2026-06-15. Full payment first becomes safe on 2026-06-16, after the requested completion date."
request_58,16226000.0,affordable_now,full_payment,2024-12-07:16226000,2024-12-07,none,Pay IDR 16226000 today. This leaves at least IDR 19354639.54 available during the 90-day forecast.
request_59,140600.0,affordable_with_plan,installments,2025-05-07:48741.33|2025-06-04:48741.33|2025-07-02:48741.33,2025-05-04,none,use 3 installments starting 2025-05-07. Total payable is INR 146223.99. This leaves at least INR 613250.16 available during the 90-day forecast.
request_60,117.62,affordable_with_plan,wait,2026-02-16:199.89,2026-03-16,stop:event_5574,"Wait until 2026-02-16, then pay USD 199.89 in full. Paying earlier would put the USD 400 minimum balance at risk."
request_61,29062.0,affordable_with_plan,installments,2024-03-17:10074.83|2024-04-17:10074.83|2024-05-18:10074.83,2024-03-03,none,use 3 installments starting 2024-03-17. Total payable is ZAR 30224.49. This leaves at least ZAR 37549.14 available during the 90-day forecast.
request_62,404.23,affordable_now,full_payment,2025-08-05:404.23,2025-08-05,none,Pay USD 404.23 today. This leaves at least USD 4483.68 available during the 90-day forecast.
request_63,37534.99,not_affordable,not_recommended,none,,none,Do not proceed with the INR 343900 request. The full amount does not become safe within the 90-day forecast while protecting the INR 153500 minimum balance.
request_64,0.0,not_affordable,not_recommended,none,,none,Do not proceed with the INR 63700 request. The full amount does not become safe within the 90-day forecast while protecting the INR 36100 minimum balance.
request_65,5886.72,not_affordable,not_recommended,none,,none,Do not proceed with the ZAR 54340 request. The full amount does not become safe within the 90-day forecast while protecting the ZAR 15500 minimum balance.
request_66,22200.0,affordable_now,full_payment,2026-04-03:22200,2026-04-03,none,Pay INR 22200 today. This leaves at least INR 243105.89 available during the 90-day forecast.
request_67,282.77,affordable_with_plan,wait,2024-10-16:2094,2024-11-16,reduce_to:event_6288:39,"Wait until 2024-10-16, then pay USD 2094 in full. Paying earlier would put the USD 1200 minimum balance at risk."
request_68,1444.92,affordable_with_plan,installments,2025-02-14:725.09|2025-03-14:725.09|2025-04-11:725.09,2025-02-16,none,use 3 installments starting 2025-02-14. Total payable is USD 2175.27. This leaves at least USD 2219.83 available during the 90-day forecast.
request_69,529.1,affordable_now,full_payment,2026-01-04:529.10,2026-01-04,none,Pay EUR 529.10 today. This leaves at least EUR 723.72 available during the 90-day forecast.
request_70,50476.8,not_affordable,not_recommended,none,2025-02-16,none,"Do not proceed by 2025-02-15. Full payment first becomes safe on 2025-02-16, after the requested completion date."
request_71,244128.26,not_affordable,not_recommended,none,,none,Do not proceed with the IDR 21451000 request. The full amount does not become safe within the 90-day forecast while protecting the IDR 8884800 minimum balance.
request_72,0.0,not_affordable,not_recommended,none,,none,Do not proceed with the ZAR 11330 request. The full amount does not become safe within the 90-day forecast while protecting the ZAR 12200 minimum balance.
request_73,71400.0,affordable_now,full_payment,2023-01-20:71400,2023-01-20,none,Pay INR 71400 today. This leaves at least INR 103602.76 available during the 90-day forecast.
request_74,5010.0,affordable_now,full_payment,2025-08-04:5010,2025-08-04,none,Pay ZAR 5010 today. This leaves at least ZAR 62668.48 available during the 90-day forecast.
request_75,13211.67,not_affordable,not_recommended,none,,none,Do not proceed with the ZAR 28270 request. The full amount does not become safe within the 90-day forecast while protecting the ZAR 39000 minimum balance.
request_76,663.21,not_affordable,not_recommended,none,,none,Do not proceed with the USD 4455.60 request. The full amount does not become safe within the 90-day forecast while protecting the USD 1800 minimum balance.
request_77,59542.65,not_affordable,not_recommended,none,2025-11-16,none,"Do not proceed by 2025-11-14. Full payment first becomes safe on 2025-11-16, after the requested completion date."
request_78,47945.35,affordable_with_plan,full_payment,2025-10-02:50200,2025-10-16,reduce_to:event_7225:1480|stop:event_7224,"Reduce the recurring shopping expense to INR 1480 and stop the recurring streaming expense, then pay INR 50200 today. This leaves at least INR 56585.93 available during the 90-day forecast."
request_79,228.7,not_affordable,not_recommended,none,,none,Do not proceed with the EUR 2151.60 request. The full amount does not become safe within the 90-day forecast while protecting the EUR 1000 minimum balance.
request_80,110008.68,not_affordable,not_recommended,none,,none,Do not proceed with the INR 217500 request. The full amount does not become safe within the 90-day forecast while protecting the INR 121300 minimum balance.
request_81,2076.0,affordable_now,full_payment,2026-07-03:2076,2026-07-03,none,Pay USD 2076 today. This leaves at least USD 1618.67 available during the 90-day forecast.
request_82,313.89,not_affordable,not_recommended,none,2025-02-16,none,"Do not proceed by 2025-02-15. Full payment first becomes safe on 2025-02-16, after the requested completion date."
request_83,5453.74,not_affordable,not_recommended,none,,none,Do not proceed with the INR 156200 request. The full amount does not become safe within the 90-day forecast while protecting the INR 37800 minimum balance.
request_84,21423.27,not_affordable,not_recommended,none,2026-06-16,none,"Do not proceed by 2026-06-15. Full payment first becomes safe on 2026-06-16, after the requested completion date."
request_85,392399.9,not_affordable,not_recommended,none,,none,Do not proceed with the IDR 19304000 request. The full amount does not become safe within the 90-day forecast while protecting the IDR 6396300 minimum balance.
request_86,46300.0,affordable_now,full_payment,2025-08-03:46300,2025-08-03,none,Pay INR 46300 today. This leaves at least INR 94126.60 available during the 90-day forecast.
request_87,16918.39,not_affordable,not_recommended,none,,none,Do not proceed with the INR 487900 request. The full amount does not become safe within the 90-day forecast while protecting the INR 185900 minimum balance.
request_88,10735.77,affordable_with_plan,installments,2024-06-14:9045.23|2024-07-15:9045.23|2024-08-15:9045.23,2024-07-16,none,use 3 installments starting 2024-06-14. Total payable is ZAR 27135.69. This leaves at least ZAR 27490.54 available during the 90-day forecast.
request_89,9392480.17,affordable_with_plan,installments,2025-11-18:4768746.67|2025-12-16:4768746.67|2026-01-13:4768746.67,2026-01-16,reduce_to:event_8403:203300|reduce_to:event_8337:266760,"Reduce the recurring dining expense to IDR 203300 and reduce the recurring shopping expense to IDR 266760, then use 3 installments starting 2025-11-18. Total payable is IDR 14306240.01. This leaves at least IDR 13069434.66 available during the 90-day forecast."
request_90,2560.0,affordable_now,full_payment,2026-07-06:2560,2026-07-06,none,Pay ZAR 2560 today. This leaves at least ZAR 28381.35 available during the 90-day forecast.
request_91,316.2,not_affordable,not_recommended,none,2024-11-16,none,"Do not proceed by 2024-11-15. Full payment first becomes safe on 2024-11-16, after the requested completion date."
request_92,34034.0,affordable_now,full_payment,2025-02-05:34034,2025-02-05,none,Pay ZAR 34034 today. This leaves at least ZAR 29782.62 available during the 90-day forecast.
request_93,1729.2,affordable_now,full_payment,2026-04-07:1729.20,2026-04-07,none,Pay USD 1729.20 today. This leaves at least USD 2002.58 available during the 90-day forecast.
request_94,572.0,affordable_now,full_payment,2024-12-04:572,2024-12-04,none,Pay EUR 572 today. This leaves at least EUR 1996.78 available during the 90-day forecast.
request_95,13496.62,not_affordable,not_recommended,none,,none,Do not proceed with the INR 553000 request. The full amount does not become safe within the 90-day forecast while protecting the INR 145500 minimum balance.
request_96,0.0,not_affordable,not_recommended,none,,none,Do not proceed with the INR 90200 request. The full amount does not become safe within the 90-day forecast while protecting the INR 56500 minimum balance.
request_97,1599.79,affordable_with_plan,installments,2024-03-19:8145.28|2024-04-19:8145.28|2024-05-20:8145.28,2024-04-16,none,use 3 installments starting 2024-03-19. Total payable is ZAR 24435.84. This leaves at least ZAR 31299.79 available during the 90-day forecast.
request_98,3977.97,not_affordable,not_recommended,none,2025-10-16,none,"Do not proceed by 2025-10-15. Full payment first becomes safe on 2025-10-16, after the requested completion date."
request_99,17445.43,affordable_with_plan,full_payment,2026-07-04:18062,2026-07-16,reduce_to:event_9232:1065.90,"Reduce the recurring dining expense to ZAR 1065.90, then pay ZAR 18062 today. This leaves at least ZAR 49529.52 available during the 90-day forecast."
request_100,25169.04,affordable_with_plan,installments,2024-06-13:12866.19|2024-07-14:12866.19|2024-08-14:12866.19,2024-07-16,stop:event_9267,"Stop the recurring streaming expense, then use 3 installments starting 2024-06-13. Total payable is ZAR 38598.57. This leaves at least ZAR 34583 available during the 90-day forecast."
request_101,143500.0,affordable_now,full_payment,2025-11-03:143500,2025-11-03,none,Pay INR 143500 today. This leaves at least INR 194361.66 available during the 90-day forecast.
request_102,1716.0,affordable_with_plan,installments,2026-04-05:594.88|2026-05-05:594.88|2026-06-04:594.88,2026-04-05,none,use 3 installments starting 2026-04-05. Total payable is EUR 1784.64. This leaves at least EUR 3662.57 available during the 90-day forecast.
request_103,0.0,not_affordable,not_recommended,none,,none,Do not proceed with the INR 368300 request. The full amount does not become safe within the 90-day forecast while protecting the INR 125500 minimum balance.
request_104,17204.0,affordable_now,full_payment,2025-02-04:17204,2025-02-04,none,Pay ZAR 17204 today. This leaves at least ZAR 28180.07 available during the 90-day forecast.
request_105,49248.08,not_affordable,not_recommended,none,2026-06-16,none,"Do not proceed by 2026-06-14. Full payment first becomes safe on 2026-06-16, after the requested completion date."
request_106,463.22,not_affordable,not_recommended,none,2025-02-16,none,"Do not proceed by 2025-02-15. Full payment first becomes safe on 2025-02-16, after the requested completion date."
request_107,0.0,not_affordable,not_recommended,none,,none,Do not proceed with the EUR 2534.40 request. The full amount does not become safe within the 90-day forecast while protecting the EUR 1600 minimum balance.
request_108,1717.39,not_affordable,not_recommended,none,,none,Do not proceed with the ZAR 55308 request. The full amount does not become safe within the 90-day forecast while protecting the ZAR 24100 minimum balance.
request_109,472.91,affordable_with_plan,installments,2024-03-18:645.98|2024-04-18:645.98|2024-05-19:645.98,2024-05-16,stop:event_10080|stop:event_10081,"Stop the recurring cloud storage expense and stop the recurring streaming expense, then use 3 installments starting 2024-03-18. Total payable is EUR 1937.94. This leaves at least EUR 1742.58 available during the 90-day forecast."
request_110,22352.0,affordable_with_plan,installments,2025-08-06:7748.69|2025-09-03:7748.69|2025-10-01:7748.69,2025-08-06,none,use 3 installments starting 2025-08-06. Total payable is ZAR 23246.07. This leaves at least ZAR 52337.74 available during the 90-day forecast.
request_111,16625000.0,affordable_now,full_payment,2026-04-03:16625000,2026-04-03,none,Pay IDR 16625000 today. This leaves at least IDR 23719944.48 available during the 90-day forecast.
request_112,0.0,not_affordable,not_recommended,none,,none,Do not proceed with the EUR 271.70 request. The full amount does not become safe within the 90-day forecast while protecting the EUR 500 minimum balance.
request_113,23904.17,affordable_later,wait,2026-09-16:36500,2026-09-16,none,"Wait until 2026-09-16, then pay INR 36500 in full. Paying earlier would put the INR 82300 minimum balance at risk."
request_114,51302.29,not_affordable,not_recommended,none,2026-03-16,none,"Do not proceed by 2026-01-14. Full payment first becomes safe on 2026-03-16, after the requested completion date."
request_115,14648.43,not_affordable,not_recommended,none,2024-11-16,none,"Do not proceed by 2024-11-15. Full payment first becomes safe on 2024-11-16, after the requested completion date."
request_116,6103.08,not_affordable,not_recommended,none,,none,Do not proceed with the INR 241200 request. The full amount does not become safe within the 90-day forecast while protecting the INR 80300 minimum balance.
request_117,859.11,affordable_with_plan,full_payment,2026-07-05:880,2026-07-16,stop:event_10833,"Stop the recurring streaming expense, then pay EUR 880 today. This leaves at least EUR 1001.11 available during the 90-day forecast."
request_118,629.2,affordable_with_plan,installments,2024-12-07:255.87|2025-01-07:255.87|2025-02-07:255.87,2025-02-16,reduce_to:event_10914:14,"Reduce the recurring shopping expense to EUR 14, then use 3 installments starting 2024-12-07. Total payable is EUR 767.61. This leaves at least EUR 610.63 available during the 90-day forecast."
request_119,54512.0,not_affordable,not_recommended,none,2025-06-16,none,No safe payment method matching the user's accepted payment preferences completes the request by 2025-07-17.
request_120,7714000.0,affordable_now,full_payment,2026-04-06:7714000,2026-04-06,none,Pay IDR 7714000 today. This leaves at least IDR 20853488.04 available during the 90-day forecast.
request_121,633.6,affordable_now,full_payment,2024-03-03:633.60,2024-03-03,none,Pay USD 633.60 today. This leaves at least USD 806.17 available during the 90-day forecast.
request_122,20558000.0,affordable_with_plan,installments,2025-08-05:7126773.33|2025-09-02:7126773.33|2025-09-30:7126773.33,2025-08-05,none,use 3 installments starting 2025-08-05. Total payable is IDR 21380319.99. This leaves at least IDR 47986333.18 available during the 90-day forecast.
request_123,4076000.0,affordable_now,full_payment,2026-01-07:4076000,2026-01-07,none,Pay IDR 4076000 today. This leaves at least IDR 54839038.98 available during the 90-day forecast.
request_124,1392.45,affordable_with_plan,installments,2024-06-11:1076.12|2024-07-12:1076.12|2024-08-12:1076.12,2024-07-16,reduce_to:event_11480:38,"Reduce the recurring dining expense to EUR 38, then use 3 installments starting 2024-06-11. Total payable is EUR 3228.36. This leaves at least EUR 1620.20 available during the 90-day forecast."
request_125,5460.32,not_affordable,not_recommended,none,2025-11-16,none,"Do not proceed by 2025-11-14. Full payment first becomes safe on 2025-11-16, after the requested completion date."
request_126,159600.0,affordable_now,full_payment,2026-07-03:159600,2026-07-03,none,Pay INR 159600 today. This leaves at least INR 186352.03 available during the 90-day forecast.
request_127,7420.91,affordable_with_plan,wait,2024-10-16:23980,2024-11-16,stop:event_11707,"Wait until 2024-10-16, then pay ZAR 23980 in full. Paying earlier would put the ZAR 41000 minimum balance at risk."
request_128,25168.0,affordable_now,full_payment,2025-02-07:25168,2025-02-07,none,Pay ZAR 25168 today. This leaves at least ZAR 43993.48 available during the 90-day forecast.
request_129,111.57,not_affordable,not_recommended,none,,none,Do not proceed with the USD 2668.80 request. The full amount does not become safe within the 90-day forecast while protecting the USD 800 minimum balance.
request_130,304.37,not_affordable,not_recommended,none,2025-02-16,none,"Do not proceed by 2025-02-15. Full payment first becomes safe on 2025-02-16, after the requested completion date."
request_131,1188.04,affordable_with_plan,installments,2025-05-06:643.14|2025-06-03:643.14|2025-07-01:643.14,2025-06-16,reduce_to:event_12065:21.20,"Reduce the recurring shopping expense to USD 21.20, then use 3 installments starting 2025-05-06. Total payable is USD 1929.42. This leaves at least USD 1185.61 available during the 90-day forecast."
request_132,236.2,not_affordable,not_recommended,none,2026-03-16,none,"Do not proceed by 2026-02-25. Full payment first becomes safe on 2026-03-16, after the requested completion date."
request_133,0.0,not_affordable,not_recommended,none,,none,Do not proceed with the IDR 15770000 request. The full amount does not become safe within the 90-day forecast while protecting the IDR 9986200 minimum balance.
request_134,4461408.13,not_affordable,not_recommended,none,2025-10-16,none,"Do not proceed by 2025-10-15. Full payment first becomes safe on 2025-10-16, after the requested completion date."
request_135,283.19,affordable_with_plan,full_payment,2026-07-06:304.80,2026-07-16,stop:event_12413,"Stop the recurring streaming expense, then pay USD 304.80 today. This leaves at least USD 501.39 available during the 90-day forecast."
request_136,528.5,affordable_with_plan,full_payment,2024-06-03:560.40,2024-06-16,reduce_to:event_12498:27.20,"Reduce the recurring shopping expense to USD 27.20, then pay USD 560.40 today. This leaves at least USD 1108.50 available during the 90-day forecast."
request_137,25682.48,not_affordable,not_recommended,none,2026-01-16,none,"Do not proceed by 2026-01-15. Full payment first becomes safe on 2026-01-16, after the requested completion date."
request_138,752.76,affordable_with_plan,installments,2026-04-07:435.74|2026-05-05:435.74|2026-06-02:435.74,2026-04-16,none,use 3 installments starting 2026-04-07. Total payable is EUR 1307.22. This leaves at least EUR 2617.02 available during the 90-day forecast.
request_139,1226.41,not_affordable,not_recommended,none,2024-11-16,none,No safe payment method matching the user's accepted payment preferences completes the request by 2024-11-17.
request_140,0.0,not_affordable,not_recommended,none,,none,Do not proceed with the ZAR 62832 request. The full amount does not become safe within the 90-day forecast while protecting the ZAR 21600 minimum balance.
request_141,18191.39,not_affordable,not_recommended,none,,none,Do not proceed with the INR 171600 request. The full amount does not become safe within the 90-day forecast while protecting the INR 67300 minimum balance.
request_142,1263.6,affordable_now,full_payment,2024-12-05:1263.60,2024-12-05,none,Pay USD 1263.60 today. This leaves at least USD 4562.98 available during the 90-day forecast.
request_143,1971.51,not_affordable,not_recommended,none,2025-07-16,none,"Do not proceed by 2025-07-15. Full payment first becomes safe on 2025-07-16, after the requested completion date."
request_144,0.0,not_affordable,not_recommended,none,,none,Do not proceed with the USD 233.34 request. The full amount does not become safe within the 90-day forecast while protecting the USD 600 minimum balance.
request_145,27650.1,affordable_with_plan,installments,2024-03-20:75365.33|2024-04-20:75365.33|2024-05-21:75365.33,2024-05-16,reduce_to:event_13409:3335,"Reduce the recurring dining expense to INR 3335, then use 3 installments starting 2024-03-20. Total payable is INR 226095.99. This leaves at least INR 155693.34 available during the 90-day forecast."
request_146,13161.5,not_affordable,not_recommended,none,,none,Do not proceed with the INR 449400 request. The full amount does not become safe within the 90-day forecast while protecting the INR 108600 minimum balance.
request_147,0.0,not_affordable,not_recommended,none,,none,Do not proceed with the EUR 1129.70 request. The full amount does not become safe within the 90-day forecast while protecting the EUR 900 minimum balance.
request_148,7127.02,affordable_with_plan,installments,2024-06-14:7710.56|2024-07-15:7710.56|2024-08-15:7710.56,2024-08-16,reduce_to:event_13594:576.40,"Reduce the recurring entertainment expense to ZAR 576.40, then use 3 installments starting 2024-06-14. Total payable is ZAR 23131.68. This leaves at least ZAR 20025.21 available during the 90-day forecast."
request_149,22401.22,affordable_with_plan,installments,2025-11-18:12706.03|2025-12-16:12706.03|2026-01-13:12706.03,2025-12-16,none,use 3 installments starting 2025-11-18. Total payable is ZAR 38118.09. This leaves at least ZAR 42714.03 available during the 90-day forecast.
request_150,200.23,not_affordable,not_recommended,none,,none,Do not proceed with the EUR 496.10 request. The full amount does not become safe within the 90-day forecast while protecting the EUR 700 minimum balance.
request_151,26999000.0,affordable_now,full_payment,2024-09-03:26999000,2024-09-03,none,Pay IDR 26999000 today. This leaves at least IDR 32254800.77 available during the 90-day forecast.
request_152,11084.9,affordable_with_plan,installments,2025-02-12:4812.43|2025-03-12:4812.43|2025-04-09:4812.43,2025-04-16,stop:event_13958|reduce_to:event_14024:234.30,"Stop the recurring delivery membership expense and reduce the recurring dining expense to ZAR 234.30, then use 3 installments starting 2025-02-12. Total payable is ZAR 14437.29. This leaves at least ZAR 12056.03 available during the 90-day forecast."
request_153,0.0,not_affordable,not_recommended,none,,none,Do not proceed with the USD 2830.80 request. The full amount does not become safe within the 90-day forecast while protecting the USD 1400 minimum balance.
request_154,1625.8,affordable_with_plan,installments,2024-12-04:563.61|2025-01-04:563.61|2025-02-04:563.61,2024-12-04,none,use 3 installments starting 2024-12-04. Total payable is EUR 1690.83. This leaves at least EUR 2491.85 available during the 90-day forecast.
request_155,97179.2,not_affordable,not_recommended,none,,none,Do not proceed with the INR 112500 request. The full amount does not become safe within the 90-day forecast while protecting the INR 56300 minimum balance.
request_156,6272.43,not_affordable,not_recommended,none,2026-06-16,none,"Do not proceed by 2026-06-15. Full payment first becomes safe on 2026-06-16, after the requested completion date."
request_157,4775248.01,not_affordable,not_recommended,none,2024-05-16,none,"Do not proceed by 2024-05-15. Full payment first becomes safe on 2024-05-16, after the requested completion date."
request_158,242600.0,affordable_with_plan,installments,2025-08-07:84101.33|2025-09-04:84101.33|2025-10-02:84101.33,2025-08-07,none,use 3 installments starting 2025-08-07. Total payable is INR 252303.99. This leaves at least INR 648271.82 available during the 90-day forecast.
request_159,13398.0,affordable_now,full_payment,2026-01-04:13398,2026-01-04,none,Pay ZAR 13398 today. This leaves at least ZAR 21921.94 available during the 90-day forecast.
request_160,569.52,affordable_with_plan,installments,2024-06-13:432.05|2024-07-14:432.05|2024-08-14:432.05,2024-07-16,none,use 3 installments starting 2024-06-13. Total payable is EUR 1296.15. This leaves at least EUR 1337.47 available during the 90-day forecast.
request_161,0.0,not_affordable,not_recommended,none,,none,Do not proceed with the IDR 21204000 request. The full amount does not become safe within the 90-day forecast while protecting the IDR 23010400 minimum balance.
request_162,1255094.8,not_affordable,not_recommended,none,,none,Do not proceed with the IDR 83923000 request. The full amount does not become safe within the 90-day forecast while protecting the IDR 24161100 minimum balance.
request_163,8075462.24,affordable_with_plan,installments,2024-09-10:6692053.33|2024-10-11:6692053.33|2024-11-11:6692053.33,2024-11-16,reduce_to:event_15018:664050,"Reduce the recurring dining expense to IDR 664050, then use 3 installments starting 2024-09-10. Total payable is IDR 20076159.99. This leaves at least IDR 28875138.22 available during the 90-day forecast."
request_164,27018000.0,affordable_with_plan,installments,2025-02-11:9366240|2025-03-11:9366240|2025-04-08:9366240,2025-02-04,none,use 3 installments starting 2025-02-11. Total payable is IDR 28098720. This leaves at least IDR 49768267.12 available during the 90-day forecast.
request_165,68752.32,affordable_with_plan,full_payment,2026-04-06:80600,,reduce_to:event_15173:1875|stop:event_15135,"Reduce the recurring dining expense to INR 1875 and stop the recurring streaming expense, then pay INR 80600 today. This leaves at least INR 99155.53 available during the 90-day forecast."
request_166,2907.6,affordable_with_plan,installments,2024-12-03:1007.97|2025-01-03:1007.97|2025-02-03:1007.97,2024-12-03,none,use 3 installments starting 2024-12-03. Total payable is USD 3023.91. This leaves at least USD 7211.28 available during the 90-day forecast.
request_167,43802.0,affordable_now,full_payment,2025-05-05:43802,2025-05-05,none,Pay ZAR 43802 today. This leaves at least ZAR 38016.20 available during the 90-day forecast.
request_168,27236.13,affordable_with_plan,partial_payment,2026-01-07:27236.13|2026-03-16:22143.87,2026-03-16,none,pay INR 27236.13 today and the remaining INR 22143.87 on 2026-03-16. This completes the full request while maintaining the required minimum balance.
request_169,41976.0,affordable_now,full_payment,2024-03-04:41976,2024-03-04,none,Pay ZAR 41976 today. This leaves at least ZAR 23799.64 available during the 90-day forecast.
request_170,29866830.93,affordable_with_plan,installments,2025-08-06:12804480|2025-09-03:12804480|2025-10-01:12804480,2025-09-16,none,use 3 installments starting 2025-08-06. Total payable is IDR 38413440. This leaves at least IDR 24870297.19 available during the 90-day forecast.
request_171,33.02,not_affordable,not_recommended,none,,none,Do not proceed with the EUR 1878.80 request. The full amount does not become safe within the 90-day forecast while protecting the EUR 500 minimum balance.
request_172,9077.61,affordable_with_plan,partial_payment,2024-06-05:9077.61|2024-06-16:1122.39,2024-06-16,none,pay ZAR 9077.61 today and the remaining ZAR 1122.39 on 2024-06-16. This completes the full request while maintaining the required minimum balance.
request_173,55371.35,affordable_with_plan,installments,2025-11-21:39173.33|2025-12-19:39173.33|2026-01-16:39173.33,2026-01-16,none,use 3 installments starting 2025-11-21. Total payable is INR 117519.99. This leaves at least INR 79580.70 available during the 90-day forecast.
request_174,1146.2,affordable_with_plan,installments,2026-04-04:397.35|2026-05-04:397.35|2026-06-03:397.35,2026-04-04,none,use 3 installments starting 2026-04-04. Total payable is EUR 1192.05. This leaves at least EUR 2660.66 available during the 90-day forecast.
request_175,2346.3,affordable_now,full_payment,2024-09-06:2346.30,2024-09-06,none,Pay EUR 2346.30 today. This leaves at least EUR 1889.35 available during the 90-day forecast.
request_176,367.0,not_affordable,not_recommended,none,,none,Do not proceed with the EUR 1239.70 request. The full amount does not become safe within the 90-day forecast while protecting the EUR 600 minimum balance.
request_177,1017.6,affordable_now,full_payment,2026-01-05:1017.60,2026-01-05,none,Pay USD 1017.60 today. This leaves at least USD 1390.53 available during the 90-day forecast.
request_178,2938.1,affordable_with_plan,installments,2024-12-07:1018.54|2025-01-07:1018.54|2025-02-07:1018.54,2024-12-07,none,use 3 installments starting 2024-12-07. Total payable is EUR 3055.62. This leaves at least EUR 6796.22 available during the 90-day forecast.
request_179,5790579.78,not_affordable,not_recommended,none,2025-07-16,none,"Do not proceed by 2025-07-15. Full payment first becomes safe on 2025-07-16, after the requested completion date."
request_180,0.0,not_affordable,not_recommended,none,,none,Do not proceed with the INR 66500 request. The full amount does not become safe within the 90-day forecast while protecting the INR 37300 minimum balance.
request_181,183.15,not_affordable,not_recommended,none,,none,Do not proceed with the USD 5059.20 request. The full amount does not become safe within the 90-day forecast while protecting the USD 2000 minimum balance.
request_182,65714.0,affordable_now,full_payment,2025-08-05:65714,2025-08-05,none,Pay ZAR 65714 today. This leaves at least ZAR 40675.59 available during the 90-day forecast.
request_183,22982284.1,affordable_with_plan,installments,2026-04-10:9313546.67|2026-05-10:9313546.67|2026-06-09:9313546.67,2026-05-16,stop:event_16813,"Stop the recurring cloud storage expense, then use 3 installments starting 2026-04-10. Total payable is IDR 27940640.01. This leaves at least IDR 12075230.89 available during the 90-day forecast."
request_184,7134.15,not_affordable,not_recommended,none,,none,Do not proceed with the INR 251900 request. The full amount does not become safe within the 90-day forecast while protecting the INR 110800 minimum balance.
request_185,309.85,not_affordable,not_recommended,none,2026-01-16,none,"Do not proceed by 2026-01-15. Full payment first becomes safe on 2026-01-16, after the requested completion date."
request_186,3105.82,not_affordable,not_recommended,none,,none,Do not proceed with the ZAR 26554 request. The full amount does not become safe within the 90-day forecast while protecting the ZAR 22000 minimum balance.
request_187,37844.44,not_affordable,not_recommended,none,2024-11-16,none,"Do not proceed by 2024-11-15. Full payment first becomes safe on 2024-11-16, after the requested completion date."
request_188,102.94,not_affordable,not_recommended,none,,none,Do not proceed with the EUR 2464 request. The full amount does not become safe within the 90-day forecast while protecting the EUR 900 minimum balance.
request_189,488.4,affordable_now,full_payment,2026-07-04:488.40,2026-07-04,none,Pay EUR 488.40 today. This leaves at least EUR 474.48 available during the 90-day forecast.
request_190,478.57,not_affordable,not_recommended,none,2025-02-16,none,"Do not proceed by 2025-02-15. Full payment first becomes safe on 2025-02-16, after the requested completion date."
request_191,664.4,affordable_now,full_payment,2025-05-03:664.40,2025-05-03,none,Pay EUR 664.40 today. This leaves at least EUR 601.51 available during the 90-day forecast.
request_192,163.74,not_affordable,not_recommended,none,,none,Do not proceed with the USD 2046 request. The full amount does not become safe within the 90-day forecast while protecting the USD 1000 minimum balance.
request_193,33.62,affordable_with_plan,installments,2024-03-21:420.23|2024-04-21:420.23|2024-05-22:420.23,2024-05-16,none,use 3 installments starting 2024-03-21. Total payable is EUR 1260.69. This leaves at least EUR 1033.62 available during the 90-day forecast.
request_194,39008.42,affordable_later,wait,2025-08-16:132800,2025-08-16,none,"Wait until 2025-08-16, then pay INR 132800 in full. Paying earlier would put the INR 113600 minimum balance at risk."
request_195,961.85,not_affordable,not_recommended,none,2026-03-16,none,"Do not proceed by 2026-03-11. Full payment first becomes safe on 2026-03-16, after the requested completion date."
request_196,762.3,affordable_now,full_payment,2024-06-03:762.30,2024-06-03,none,Pay EUR 762.30 today. This leaves at least EUR 648.49 available during the 90-day forecast.
request_197,0.0,not_affordable,not_recommended,none,,none,Do not proceed with the IDR 50939000 request. The full amount does not become safe within the 90-day forecast while protecting the IDR 26245900 minimum balance.
request_198,185800.0,affordable_now,full_payment,2026-07-07:185800,2026-07-07,none,Pay INR 185800 today. This leaves at least INR 152373.19 available during the 90-day forecast.
request_199,23674000.0,affordable_with_plan,installments,2024-09-07:8206986.67|2024-10-08:8206986.67|2024-11-08:8206986.67,2024-09-04,none,use 3 installments starting 2024-09-07. Total payable is IDR 24620960.01. This leaves at least IDR 120263881.42 available during the 90-day forecast.
request_200,21717000.0,affordable_now,full_payment,2025-02-06:21717000,2025-02-06,none,Pay IDR 21717000 today. This leaves at least IDR 24351759.97 available during the 90-day forecast.
request_201,23122198.12,affordable_with_plan,full_payment,2026-04-03:23997000,,stop:event_18493,"Stop the recurring streaming expense, then pay IDR 23997000 today. This leaves at least IDR 17632398.12 available during the 90-day forecast."
request_202,123900.0,affordable_now,full_payment,2024-12-05:123900,2024-12-05,none,Pay INR 123900 today. This leaves at least INR 166645.66 available during the 90-day forecast.
request_203,1442.1,affordable_with_plan,installments,2025-05-10:499.93|2025-06-07:499.93|2025-07-05:499.93,2025-05-07,none,use 3 installments starting 2025-05-10. Total payable is EUR 1499.79. This leaves at least EUR 7250.03 available during the 90-day forecast.
request_204,0.0,not_affordable,not_recommended,none,,none,Do not proceed with the EUR 588.74 request. The full amount does not become safe within the 90-day forecast while protecting the EUR 1300 minimum balance.
request_205,10621000.0,affordable_now,full_payment,2024-03-06:10621000,2024-03-06,none,Pay IDR 10621000 today. This leaves at least IDR 15505567.74 available during the 90-day forecast.
request_206,1404.7,affordable_with_plan,installments,2025-08-03:486.96|2025-08-31:486.96|2025-09-28:486.96,2025-08-03,none,use 3 installments starting 2025-08-03. Total payable is EUR 1460.88. This leaves at least EUR 4074.38 available during the 90-day forecast.
request_207,4516.76,affordable_later,wait,2026-07-16:11830,2026-07-16,none,"Wait until 2026-07-16, then pay ZAR 11830 in full. Paying earlier would put the ZAR 13600 minimum balance at risk."
request_208,3040802.28,affordable_later,wait,2024-06-16:4413000,2024-06-16,none,"Wait until 2024-06-16, then pay IDR 4413000 in full. Paying earlier would put the IDR 10470700 minimum balance at risk."
request_209,1660.21,not_affordable,not_recommended,none,,none,Do not proceed with the ZAR 56914 request. The full amount does not become safe within the 90-day forecast while protecting the ZAR 18400 minimum balance.
request_210,826.61,affordable_with_plan,installments,2026-04-06:471.48|2026-05-04:471.48|2026-06-01:471.48,2026-04-16,none,use 3 installments starting 2026-04-06. Total payable is USD 1414.44. This leaves at least USD 2355.13 available during the 90-day forecast.
request_211,235.01,affordable_with_plan,wait,2024-10-16:1788.60,2024-11-16,reduce_to:event_19432:37|reduce_to:event_19369:27.50,"Wait until 2024-10-16, then pay EUR 1788.60 in full. Paying earlier would put the EUR 1500 minimum balance at risk."
request_212,5554894.61,not_affordable,not_recommended,none,,none,Do not proceed with the IDR 71934000 request. The full amount does not become safe within the 90-day forecast while protecting the IDR 29579800 minimum balance.
request_213,2375.44,not_affordable,not_recommended,none,,none,Do not proceed with the USD 3362.40 request. The full amount does not become safe within the 90-day forecast while protecting the USD 2100 minimum balance.
request_214,34145.8,affordable_with_plan,partial_payment,2024-12-04:34145.80|2024-12-16:35604.20,2024-12-16,reduce_to:event_19751:4395,"Reduce the recurring dining expense to INR 4395, then pay INR 34145.80 today and the remaining INR 35604.20 on 2024-12-16. This completes the full request while maintaining the required minimum balance."
request_215,29986.0,affordable_with_plan,installments,2025-05-09:10395.15|2025-06-06:10395.15|2025-07-04:10395.15,2025-05-06,none,use 3 installments starting 2025-05-09. Total payable is ZAR 31185.45. This leaves at least ZAR 67875.98 available during the 90-day forecast.
request_216,391.22,not_affordable,not_recommended,none,2026-09-16,none,"Do not proceed by 2026-09-15. Full payment first becomes safe on 2026-09-16, after the requested completion date."
request_217,19583.4,affordable_with_plan,installments,2024-03-19:12889.07|2024-04-19:12889.07|2024-05-20:12889.07,2024-05-16,none,use 3 installments starting 2024-03-19. Total payable is ZAR 38667.21. This leaves at least ZAR 27506.09 available during the 90-day forecast.
request_218,23339887.56,affordable_with_plan,installments,2025-08-07:21195893.33|2025-09-04:21195893.33|2025-10-02:21195893.33,2025-09-16,none,use 3 installments starting 2025-08-07. Total payable is IDR 63587679.99. This leaves at least IDR 36621194.23 available during the 90-day forecast.
request_219,665.13,affordable_with_plan,installments,2026-04-07:580.01|2026-05-07:580.01|2026-06-06:580.01,2026-05-16,none,use 3 installments starting 2026-04-07. Total payable is EUR 1740.03. This leaves at least EUR 1185.12 available during the 90-day forecast.
request_220,72.34,not_affordable,not_recommended,none,,none,Do not proceed with the EUR 3118.50 request. The full amount does not become safe within the 90-day forecast while protecting the EUR 1100 minimum balance.
request_221,109800.0,affordable_now,full_payment,2025-11-03:109800,2025-11-03,none,Pay INR 109800 today. This leaves at least INR 98042.29 available during the 90-day forecast.
request_222,34078.0,affordable_now,full_payment,2026-01-05:34078,2026-01-05,none,Pay ZAR 34078 today. This leaves at least ZAR 80793.48 available during the 90-day forecast.
request_223,898.7,affordable_now,full_payment,2024-09-07:898.70,2024-09-07,none,Pay EUR 898.70 today. This leaves at least EUR 997.42 available during the 90-day forecast.
request_224,8763366.61,affordable_with_plan,partial_payment,2025-02-04:8763366.61|2025-02-16:1563633.39,2025-02-16,none,pay IDR 8763366.61 today and the remaining IDR 1563633.39 on 2025-02-16. This completes the full request while maintaining the required minimum balance.
request_225,9590423.21,affordable_with_plan,installments,2026-07-20:7647120|2026-08-19:7647120|2026-09-18:7647120,2026-09-16,none,use 3 installments starting 2026-07-20. Total payable is IDR 22941360. This leaves at least IDR 18566453.38 available during the 90-day forecast.
request_226,157000.0,affordable_now,full_payment,2024-12-03:157000,2024-12-03,none,Pay INR 157000 today. This leaves at least INR 237293.45 available during the 90-day forecast.
request_227,7567.26,not_affordable,not_recommended,none,,none,Do not proceed with the INR 259700 request. The full amount does not become safe within the 90-day forecast while protecting the INR 62900 minimum balance.
request_228,0.0,not_affordable,not_recommended,none,,none,Do not proceed with the IDR 63327000 request. The full amount does not become safe within the 90-day forecast while protecting the IDR 26191200 minimum balance.
request_229,434.66,affordable_with_plan,installments,2024-03-18:529.29|2024-04-18:529.29|2024-05-19:529.29,2024-05-16,none,use 3 installments starting 2024-03-18. Total payable is EUR 1587.87. This leaves at least EUR 1037.73 available during the 90-day forecast.
request_230,3537.6,affordable_now,full_payment,2025-08-06:3537.60,2025-08-06,none,Pay EUR 3537.60 today. This leaves at least EUR 3966.15 available during the 90-day forecast.
request_231,30710.57,affordable_with_plan,installments,2026-01-06:12378.08|2026-02-05:12378.08|2026-03-07:12378.08,2026-03-16,reduce_to:event_21305:845.90,"Reduce the recurring dining expense to ZAR 845.90, then use 3 installments starting 2026-01-06. Total payable is ZAR 37134.24. This leaves at least ZAR 30801.21 available during the 90-day forecast."
request_232,0.0,not_affordable,not_recommended,none,,none,Do not proceed with the EUR 1970.10 request. The full amount does not become safe within the 90-day forecast while protecting the EUR 2400 minimum balance.
request_233,0.0,not_affordable,not_recommended,none,,none,Do not proceed with the IDR 6241000 request. The full amount does not become safe within the 90-day forecast while protecting the IDR 10365700 minimum balance.
request_234,183.19,not_affordable,not_recommended,none,2026-09-16,none,"Do not proceed by 2026-09-15. Full payment first becomes safe on 2026-09-16, after the requested completion date."
request_235,967.2,affordable_now,full_payment,2024-09-06:967.20,2024-09-06,none,Pay USD 967.20 today. This leaves at least USD 820.61 available during the 90-day forecast.
request_236,4962210.95,not_affordable,not_recommended,none,,none,Do not proceed with the IDR 52383000 request. The full amount does not become safe within the 90-day forecast while protecting the IDR 16768600 minimum balance.
request_237,22228678.74,affordable_with_plan,full_payment,2026-04-05:23826000,,reduce_to:event_21813:548720,"Reduce the recurring shopping expense to IDR 548720, then pay IDR 23826000 today. This leaves at least IDR 23327779.26 available during the 90-day forecast."
request_238,663.6,affordable_with_plan,installments,2024-12-07:230.05|2025-01-07:230.05|2025-02-07:230.05,2024-12-07,none,use 3 installments starting 2024-12-07. Total payable is USD 690.15. This leaves at least USD 1401.23 available during the 90-day forecast.
request_239,0.0,not_affordable,not_recommended,none,,none,Do not proceed with the USD 642 request. The full amount does not become safe within the 90-day forecast while protecting the USD 600 minimum balance.
request_240,0.0,not_affordable,not_recommended,none,,none,Do not proceed with the INR 101200 request. The full amount does not become safe within the 90-day forecast while protecting the INR 52800 minimum balance.
request_241,21052000.0,affordable_with_plan,installments,2024-03-17:7298026.67|2024-04-17:7298026.67|2024-05-18:7298026.67,2024-03-03,none,use 3 installments starting 2024-03-17. Total payable is IDR 21894080.01. This leaves at least IDR 20888841.89 available during the 90-day forecast.
request_242,0.0,not_affordable,not_recommended,none,,none,Do not proceed with the EUR 1966.80 request. The full amount does not become safe within the 90-day forecast while protecting the EUR 600 minimum balance.
request_243,17468.0,affordable_now,full_payment,2026-07-07:17468,2026-07-07,none,Pay ZAR 17468 today. This leaves at least ZAR 22448.34 available during the 90-day forecast.
request_244,0.0,not_affordable,not_recommended,none,,none,Do not proceed with the ZAR 49918 request. The full amount does not become safe within the 90-day forecast while protecting the ZAR 45900 minimum balance.
request_245,20838.33,not_affordable,not_recommended,none,2026-01-16,none,"Do not proceed by 2026-01-15. Full payment first becomes safe on 2026-01-16, after the requested completion date."
request_246,64086.0,affordable_with_plan,installments,2026-04-03:22216.48|2026-05-03:22216.48|2026-06-02:22216.48,2026-04-03,none,use 3 installments starting 2026-04-03. Total payable is ZAR 66649.44. This leaves at least ZAR 42281.74 available during the 90-day forecast.
request_247,1059.3,affordable_now,full_payment,2024-09-05:1059.30,2024-09-05,none,Pay EUR 1059.30 today. This leaves at least EUR 1332.02 available during the 90-day forecast.
request_248,937.87,affordable_with_plan,partial_payment,2025-02-07:937.87|2025-04-16:1027.73,2025-04-16,none,pay USD 937.87 today and the remaining USD 1027.73 on 2025-04-16. This completes the full request while maintaining the required minimum balance.
request_249,126.52,not_affordable,not_recommended,none,,none,Do not proceed with the USD 643.20 request. The full amount does not become safe within the 90-day forecast while protecting the USD 600 minimum balance.
request_250,15440.18,not_affordable,not_recommended,none,,none,Do not proceed with the ZAR 124278 request. The full amount does not become safe within the 90-day forecast while protecting the ZAR 35300 minimum balance.
request_251,1513.6,not_affordable,not_recommended,none,2025-05-03,none,No safe payment method matching the user's accepted payment preferences completes the request by 2025-06-06.
request_252,3988819.51,not_affordable,not_recommended,none,2026-09-16,none,"Do not proceed by 2026-09-15. Full payment first becomes safe on 2026-09-16, after the requested completion date."
request_253,1370.83,affordable_with_plan,installments,2024-03-21:984.60|2024-04-21:984.60|2024-05-22:984.60,2024-05-16,none,use 3 installments starting 2024-03-21. Total payable is EUR 2953.80. This leaves at least EUR 2369.05 available during the 90-day forecast.
request_254,534.21,not_affordable,not_recommended,none,2025-10-16,none,"Do not proceed by 2025-10-15. Full payment first becomes safe on 2025-10-16, after the requested completion date."
request_255,3345000.0,affordable_now,full_payment,2026-04-06:3345000,2026-04-06,none,Pay IDR 3345000 today. This leaves at least IDR 32521685.76 available during the 90-day forecast.
request_256,0.0,not_affordable,not_recommended,none,,none,Do not proceed with the INR 218700 request. The full amount does not become safe within the 90-day forecast while protecting the INR 168600 minimum balance.
request_257,317.96,not_affordable,not_recommended,none,2026-01-16,none,"Do not proceed by 2026-01-15. Full payment first becomes safe on 2026-01-16, after the requested completion date."
request_258,1113.6,affordable_now,full_payment,2026-01-07:1113.60,2026-01-07,none,Pay USD 1113.60 today. This leaves at least USD 1136.15 available during the 90-day forecast.
request_259,175.79,not_affordable,not_recommended,none,2024-11-16,none,"Do not proceed by 2024-11-15. Full payment first becomes safe on 2024-11-16, after the requested completion date."
request_260,6375023.47,not_affordable,not_recommended,none,,none,Do not proceed with the IDR 52079000 request. The full amount does not become safe within the 90-day forecast while protecting the IDR 20727700 minimum balance.
request_261,1830.4,affordable_now,full_payment,2026-07-03:1830.40,2026-07-03,none,Pay EUR 1830.40 today. This leaves at least EUR 1777.84 available during the 90-day forecast.
request_262,9236000.0,affordable_now,full_payment,2024-12-05:9236000,2024-12-05,none,Pay IDR 9236000 today. This leaves at least IDR 57398846.82 available during the 90-day forecast.
request_263,5805.03,not_affordable,not_recommended,none,,none,Do not proceed with the ZAR 51546 request. The full amount does not become safe within the 90-day forecast while protecting the ZAR 24100 minimum balance.
request_264,23492.15,not_affordable,not_recommended,none,2026-06-16,none,"Do not proceed by 2026-06-15. Full payment first becomes safe on 2026-06-16, after the requested completion date."
request_265,0.0,not_affordable,not_recommended,none,,none,Do not proceed with the INR 45970 request. The full amount does not become safe within the 90-day forecast while protecting the INR 189700 minimum balance.
request_266,770.25,affordable_with_plan,installments,2025-08-03:324.13|2025-08-31:324.13|2025-09-28:324.13,2025-09-16,none,use 3 installments starting 2025-08-03. Total payable is EUR 972.39. This leaves at least EUR 927.39 available during the 90-day forecast.
request_267,1641.71,affordable_with_plan,installments,2026-01-08:667.33|2026-02-07:667.33|2026-03-09:667.33,2026-02-16,stop:event_24573,"Stop the recurring streaming expense, then use 3 installments starting 2026-01-08. Total payable is EUR 2001.99. This leaves at least EUR 1640.36 available during the 90-day forecast."
request_268,1041.5,affordable_with_plan,installments,2024-06-14:841.22|2024-07-15:841.22|2024-08-15:841.22,2024-07-16,none,use 3 installments starting 2024-06-14. Total payable is EUR 2523.66. This leaves at least EUR 1520.39 available during the 90-day forecast.
request_269,0.0,not_affordable,not_recommended,none,,none,Do not proceed with the ZAR 15490 request. The full amount does not become safe within the 90-day forecast while protecting the ZAR 23100 minimum balance.
request_270,96.77,not_affordable,not_recommended,none,2026-09-21,none,"Do not proceed by 2026-08-30. Full payment first becomes safe on 2026-09-21, after the requested completion date."
request_271,13812.36,not_affordable,not_recommended,none,2024-11-16,none,"Do not proceed by 2024-11-15. Full payment first becomes safe on 2024-11-16, after the requested completion date."
request_272,5415269.1,affordable_with_plan,installments,2025-02-12:4709466.67|2025-03-12:4709466.67|2025-04-09:4709466.67,2025-03-16,none,use 3 installments starting 2025-02-12. Total payable is IDR 14128400.01. This leaves at least IDR 8214402.43 available during the 90-day forecast.
request_273,9628167.38,affordable_with_plan,installments,2026-04-07:5498480|2026-05-05:5498480|2026-06-02:5498480,2026-04-16,none,use 3 installments starting 2026-04-07. Total payable is IDR 16495440. This leaves at least IDR 22904287.38 available during the 90-day forecast.
request_274,2057.57,affordable_with_plan,installments,2024-12-04:940.75|2025-01-04:940.75|2025-02-04:940.75,2025-02-16,reduce_to:event_25181:51.60,"Reduce the recurring shopping expense to EUR 51.60, then use 3 installments starting 2024-12-04. Total payable is EUR 2822.25. This leaves at least EUR 1842.49 available during the 90-day forecast."
request_275,15884000.0,affordable_now,full_payment,2025-05-06:15884000,2025-05-06,none,Pay IDR 15884000 today. This leaves at least IDR 13231420.77 available during the 90-day forecast.
